<?xml version="3.0" encoding="UTF-8" standalone="yes"?>
<addon id="plugin.video.pikachu"name="[B][I][COLOR goldenrod]PIKACHU [COLOR forestgreen] ENTRETENIMENTOS!!![/B][/I][/COLOR]" version="3.0.0+matrix.1" provider-name="Equipe PIKACHU">  
<requires>
    <import addon="xbmc.python" version="3.0.0"/>
    <import addon="script.module.requests"/>
    <import addon="script.module.simplejson"/>
	<import addon="script.module.kodi-six" />
</requires>  
<extension point="xbmc.python.pluginsource" library="default.py">
	<provides>video</provides>
</extension>   
<extension point="xbmc.addon.metadata">
    <summary>[COLOR goldenrod]PIKACHU [COLOR forestgreen] ENTRETENIMENTOS!!![/COLOR]</summary>
    <description>[B]Atenção[/B]:[B][I][COLOR goldenrod] Os conteúdos disponibilizados neste ADDON, são conteúdos retransmitidos de internet e outras plataformas digitais;[/B][/I][/COLOR] [I][B][COLOR blue]Grupo Telegram:[/B][/I][/COLOR][B][I][COLOR white][ http://bit.ly/Pikachugrupo ][/I][/B][/COLOR][B][I][COLOR goldenrod] | [/B][/I][/COLOR][I][B][COLOR blue]Channel Telegram:[/B][/I][/COLOR][B][I][COLOR white][ http://bit.ly/pikachucanal ][/B][/I][/COLOR][B][I][COLOR forestgreen] Visite-nos No Telegram!!![/B][/I][/COLOR]</description>
<disclaimer lang="en">[B]Atenção[/B]:[B][I][COLOR goldenrod] Os conteúdos disponibilizados neste ADDON, são conteúdos retransmitidos de internet e outras plataformas digitais;[/B][/I][/COLOR] [I][B][COLOR blue]Grupo Telegram:[/B][/I][/COLOR][B][I][COLOR white][ http://bit.ly/Pikachugrupo ][/I][/B][/COLOR][B][I][COLOR goldenrod] | [/B][/I][/COLOR][I][B][COLOR blue]Channel Telegram:[/B][/I][/COLOR][B][I][COLOR white][ http://bit.ly/pikachucanal ][/B][/I][/COLOR][B][I][COLOR forestgreen] Visite-nos No Telegram!!![/B][/I][/COLOR]</disclaimer>
    <platform>all</platform>
	<assets>
<icon>icon.png</icon>
<fanart>fanart.jpg</fanart>
<screenshot>resources/screenshots/tv.jpg</screenshot>
<screenshot>resources/screenshots/serie.jpg</screenshot>
<screenshot>resources/screenshots/novela.jpg</screenshot>
</assets>
	<news>news
	</news>
</extension>
</addon>